From,To,Subject,Body,Date,Message-ID
john.doe@enron.com,team@enron.com,Project Alpha Requirements,We need to implement a new trading system with real-time data processing capabilities. The system should handle 10000 transactions per second and provide instant notifications to traders.,2001-05-15T10:30:00,msg001
jane.smith@enron.com,john.doe@enron.com,Re: Project Alpha Requirements,I agree with the requirements. We also need to ensure the system has robust security features and audit trails for compliance.,2001-05-15T11:15:00,msg002
bob.johnson@enron.com,team@enron.com,Trading Platform Architecture,The new platform should be built using microservices architecture. We need separate services for order processing user management and risk assessment.,2001-05-16T09:00:00,msg003
alice.brown@enron.com,bob.johnson@enron.com,Re: Trading Platform Architecture,Microservices sounds good but we need to consider the complexity. What about using a message queue for inter-service communication?,2001-05-16T14:30:00,msg004
mike.wilson@enron.com,team@enron.com,Security Requirements,The trading system must implement multi-factor authentication encryption for all data in transit and at rest and regular security audits.,2001-05-17T08:45:00,msg005
sarah.davis@enron.com,mike.wilson@enron.com,Re: Security Requirements,We should also implement role-based access control and session management. Compliance with SOX regulations is mandatory.,2001-05-17T16:20:00,msg006
tom.anderson@enron.com,team@enron.com,Performance Testing,We need to conduct load testing to ensure the system can handle peak trading hours. The system should maintain sub-millisecond latency.,2001-05-18T11:00:00,msg007
lisa.garcia@enron.com,tom.anderson@enron.com,Re: Performance Testing,I suggest we use automated testing tools and set up continuous performance monitoring. We should also have disaster recovery procedures.,2001-05-18T15:45:00,msg008
david.martinez@enron.com,team@enron.com,User Interface Design,The trading interface should be intuitive and provide real-time market data visualization. Traders need quick access to order entry and portfolio management.,2001-05-19T10:15:00,msg009
emma.taylor@enron.com,david.martinez@enron.com,Re: User Interface Design,The UI should be responsive and work on multiple screen sizes. We need customizable dashboards and keyboard shortcuts for power users.,2001-05-19T13:30:00,msg010